dropback_player_id,player,first_observed_season,last_observed_season,observed_seasons,qualified_seasons,qualified_seasons_above_100,dropbacks,dropback_weighted_season_pass_plus,pooled_adjusted_epa_per_dropback,sum_season_adjusted_epa_above_average
00-0019596,T.Brady,2017,2022,6,6,5,3995,107.43271384834308,0.13446006311242795,381.8490867792853
00-0020531,D.Brees,2017,2020,4,4,4,1856,112.80458538854985,0.21039222672827607,310.9455454079007
00-0021206,J.McCown,2017,2019,3,1,1,571,97.85719882711645,-0.016224481554075153,-18.80895289193311
00-0021429,C.Palmer,2017,2017,1,1,0,290,94.3330176698034,-0.069216645333237,-21.71593242796227
00-0022787,M.Schaub,2018,2019,2,0,0,74,117.05396372540932,0.23914927320445498,14.469588860857575
00-0022803,E.Manning,2017,2019,3,2,0,1387,95.29336339153284,-0.029150334762920258,-85.58891855085122
00-0022824,A.Lee,2019,2022,3,0,0,3,404.44179277481,3.700823600460739,10.966823144709743
00-0022921,L.Fitzgerald,2017,2018,2,0,0,2,254.57333139416747,2.1888595187958764,4.315755542642966
00-0022924,B.Roethlisberger,2017,2021,5,4,2,2629,102.4707884699267,0.08380029241906882,99.739818359743
00-0022942,P.Rivers,2017,2025,5,4,4,2423,107.61231337223921,0.14585615669579552,245.00899141539588
00-0023436,A.Smith,2017,2020,3,3,1,1218,100.2277634789347,0.042995369515528445,6.779443548475562
00-0023459,A.Rodgers,2017,2025,9,8,5,4487,105.74564079925001,0.11630667567529279,322.43811890421694
00-0023534,D.Colquitt,2019,2019,1,0,0,1,-96.60198091938096,-2.2891110872562654,-2.331400252235274
00-0023645,D.Anderson,2017,2018,2,0,0,83,54.79195235642761,-0.5904619365822701,-53.27598887869885
00-0023662,M.Cassel,2017,2018,2,0,0,69,41.75817593633019,-0.7658492287240828,-54.19654547468186
00-0023682,R.Fitzpatrick,2017,2021,5,3,3,1340,103.70123802375348,0.0968389453432874,65.23814478544841
00-0023742,J.Ryan,2017,2017,1,0,0,1,-80.82986196186059,-2.383788679674834,-2.38945455995526
00-0023853,M.Prater,2018,2018,1,0,0,1,378.71969409345894,4.039053296793174,3.9827556821248136
00-0024226,J.Cutler,2017,2017,1,1,0,455,92.12497410415182,-0.09839335159892432,-47.34695050510439
00-0024264,K.Clemens,2017,2017,1,0,0,8,9.96300504295769,-1.184067418361085,-9.517866389132088
00-0024417,S.Koch,2017,2021,5,0,0,6,239.88546333194458,1.9771266207841534,11.634477156384412
00-0025430,D.Stanton,2017,2017,1,0,0,167,90.40469799987615,-0.12112478288548126,-21.17404074870651
00-0025708,M.Moore,2017,2019,2,0,0,239,94.08583046071215,-0.059312094963917324,-19.15544126855772
00-0025825,B.Kern,2019,2020,2,0,0,3,85.92352903801469,-0.12755190213374953,-0.5451192825268087
00-0026035,D.Amendola,2018,2021,3,0,0,3,200.4017619730197,1.3698987803165537,3.970630779357548
00-0026143,M.Ryan,2017,2022,6,6,4,3724,101.73082393176357,0.06757668143553548,96.06764187578807
00-0026158,J.Flacco,2017,2025,9,7,0,2575,92.38332470555417,-0.06136735411587629,-244.8297341786537
00-0026197,C.Henne,2017,2022,5,0,0,64,108.60060377068935,0.1647548081378212,6.529587485440392
00-0026300,J.Johnson,2018,2025,5,0,0,273,105.06655508341677,0.10286677479277231,15.081604239724177
00-0026498,M.Stafford,2017,2025,9,9,7,4836,105.72214591025286,0.10783999029666315,339.6270736600965
00-0026544,C.Daniel,2018,2022,4,0,0,221,86.89624625349511,-0.11915826055810047,-38.19620911019262
00-0026625,B.Hoyer,2017,2023,7,1,0,390,86.51835694795793,-0.14913635983332238,-65.22026073434125
00-0026898,M.Sanchez,2018,2018,1,0,0,43,46.12096852464507,-0.713604991079683,-33.10581204716586
00-0027114,T.Morstead,2023,2023,1,0,0,1,320.63012270531465,2.6707808141407843,2.671911892722511
00-0027150,J.Edelman,2018,2020,3,0,0,6,257.7731842190112,2.0280976810191382,11.815642034485007
00-0027685,E.Sanders,2018,2019,2,0,0,2,327.57775737314387,2.9629016944500397,5.8272166092527105
00-0027688,C.McCoy,2018,2022,5,0,0,436,85.10777802705458,-0.14020095896798632,-78.84759231581505
00-0027690,E.Decker,2017,2017,1,0,0,1,35.63424387715925,-0.8448521027788558,-0.8505179830592818
00-0027793,A.Brown,2018,2018,1,0,0,1,64.42166738108693,-0.45209777109504584,-0.508395385763406
00-0027796,J.Webb,2017,2017,1,0,0,7,38.45357104319323,-0.8075980006090135,-5.692847166226077
00-0027854,S.Bradford,2017,2018,2,0,0,135,89.18873406915048,-0.12411759488318957,-21.92573003883838
00-0027891,G.Tate,2020,2020,1,0,0,2,171.05524257731253,0.9406054382202919,1.725440384105497
00-0027939,C.Newton,2017,2021,5,3,2,1732,95.60331026900587,-0.00956818297704832,-91.36910140279727
00-0027948,B.Gabbert,2017,2023,6,1,0,392,80.90219714221892,-0.23161752748454584,-99.9785630282949
00-0027973,A.Dalton,2017,2025,9,6,1,2840,94.31080408413968,-0.033271299318095145,-200.91355993900245
00-0027994,S.Vereen,2017,2017,1,0,0,1,-207.72177701802497,-4.0605165262976275,-4.066182406578053
00-0028002,R.Cobb,2017,2020,3,0,0,3,86.14869116641432,-0.10701014785293894,-0.44687073498579466
00-0028012,R.Mallett,2017,2017,1,0,0,16,98.3411894161799,-0.01625335623620068,-0.3507077842660268
00-0028064,B.Powell,2019,2019,1,0,0,1,50.123507154121604,-0.5491701247886495,-0.5914592897676579
00-0028090,T.Yates,2017,2017,1,0,0,115,81.56244128360723,-0.23796483574931637,-28.01753234342037
00-0028118,T.Taylor,2017,2025,9,2,2,1255,98.24626267497361,-0.00199279974902994,-29.992921021678836
00-0028595,S.Tolzien,2017,2017,1,0,0,23,9.333196458497383,-1.192389600204895,-27.555276051162384
00-0028664,C.Jones,2020,2020,1,0,0,1,-182.96003778561578,-3.357685857203849,-3.4355711033713923
00-0028872,J.Hekker,2017,2024,6,0,0,14,52.127947139675136,-0.5774089039733522,-8.596829698354655
00-0028954,R.Golden,2017,2017,1,0,0,1,475.09512845318517,4.962108114851744,4.956442234571318
00-0028986,C.Keenum,2017,2023,7,3,1,1572,97.56858112336162,0.002872355125950715,-49.13100776049333
00-0029000,C.Beasley,2018,2021,3,0,0,3,151.03905328227754,0.6477109832544506,1.768471306982704
00-0029263,R.Wilson,2017,2025,9,8,4,4480,101.21069812347767,0.052801247375379695,75.05347358409404
00-0029304,B.Nortman,2017,2017,1,0,0,1,435.40304406212687,4.437623768000078,4.431957887719652
00-0029493,R.Quigley,2017,2017,1,0,0,1,-102.68557400055207,-2.6725862832638643,-2.67825216354429
00-0029567,N.Foles,2017,2022,6,2,1,860,87.54887170961328,-0.09800627100794364,-130.00760224847247
00-0029604,K.Cousins,2017,2025,9,9,6,4701,102.08233729050693,0.06073694957483852,108.36080319001498
00-0029623,A.Tanney,2019,2019,1,0,0,1,87.06491911348402,-0.11110120626996288,-0.15339037124897137
00-0029632,M.Sanu,2017,2018,2,0,0,3,231.49047391558656,1.7983805226135268,5.2768804582234345
00-0029664,J.Gordon,2019,2019,1,0,0,1,-145.15741013583073,-2.8649045731268012,-2.9071937381058097
00-0029665,R.Griffin III,2018,2020,3,0,0,67,73.95317789548965,-0.2644616858616868,-21.241491084667786
00-0029668,A.Luck,2018,2018,1,1,1,676,105.89618927056856,0.14055101268036463,56.95529705611496
00-0029682,B.Osweiler,2017,2018,2,0,0,388,92.10620882037301,-0.07681618705011595,-42.02812553306126
00-0029692,B.Anger,2018,2024,2,0,0,3,-122.65997561855214,-2.8745138498286593,-8.7845409090673
00-0029701,R.Tannehill,2018,2023,6,6,4,2403,103.31077748617122,0.07777272529782533,84.80389493033056
00-0029747,C.Banjo,2021,2021,1,0,0,1,406.38953989846976,3.8197082951879473,3.779229513243203
00-0029857,R.Griffin III,2019,2019,1,0,0,4,82.70111072855714,-0.16284933170465427,-0.8205539867346511
00-0029878,M.Gray,2017,2017,1,0,0,1,69.41185138867192,-0.39852063176448427,-0.40418651204491024
00-0030085,K.Stills,2018,2018,1,0,0,1,187.279297838864,1.3034722017753624,1.2471745871070021
00-0030140,T.Way,2018,2018,1,0,0,1,286.3187722708053,2.718693436254059,2.662395821585699
00-0030151,T.Bray,2017,2020,2,0,0,5,58.64087902871984,-0.45745305575006834,-2.6044721437009413
00-0030279,K.Allen,2018,2024,5,0,0,6,34.73480236193511,-0.8379169191556438,-5.252251873007538
00-0030288,R.Burkhead,2021,2022,2,0,0,2,57.67039733230853,-0.48823242636408515,-1.0324168801988374
00-0030465,K.Barner,2019,2019,1,0,0,1,84.66601924198358,-0.1395485074586355,-0.181837672437644
00-0030506,T.Kelce,2017,2020,2,0,0,3,31.392970416602452,-0.8613969653378463,-2.7456272686290517
00-0030520,M.Glennon,2017,2021,5,0,0,548,78.17824447209134,-0.22543520312446358,-148.0070878225365
00-0030524,L.Jones,2017,2017,1,0,0,31,86.47180397612063,-0.1730933651590522,-5.541536608623824
00-0030526,E.Manuel,2017,2017,1,0,0,48,86.62170347185354,-0.1711126191156275,-8.485367971010568
00-0030533,M.Barkley,2018,2020,3,0,0,100,98.18812653356595,0.05313859630864538,-0.062390345107223855
00-0030564,D.Hopkins,2018,2023,3,0,0,5,-5.819717709660813,-1.2440146341129352,-6.3586869580276
00-0030565,G.Smith,2017,2025,8,4,2,2530,97.88697378354624,0.0005522001522605721,-69.99956310164063
00-0030578,C.Patterson,2021,2021,1,0,0,1,43.59621956864861,-0.6552461169381931,-0.6957248988829374
00-0030669,A.Wilson,2018,2021,3,0,0,6,108.98396808231367,0.25696949942056485,1.2776943230285145
00-0031051,J.Brown,2019,2019,1,0,0,1,367.550125077789,3.2150264190747304,3.172737254095722
00-0031062,J.White,2019,2019,1,0,0,1,265.39209131664757,2.003587630081807,1.9612984651027987
00-0031064,T.Savage,2017,2017,1,1,0,245,84.1109604193419,-0.20428914411328106,-51.438980976458225
00-0031076,D.Fales,2017,2019,2,0,0,47,94.034078038929,-0.07014383484583195,-3.599679895632706
00-0031079,P.O'Donnell,2017,2017,1,0,0,1,579.5390007339511,6.3422114018480995,6.336545521567674
00-0031136,C.Boswell,2018,2021,2,0,0,2,113.98755377317457,0.4904153683216985,0.8840543400302927
00-0031235,O.Beckham,2018,2020,3,0,0,5,256.3325514088716,2.2319180510414958,10.884531449745198
00-0031237,T.Bridgewater,2017,2025,7,3,3,1387,101.98486971242465,0.07686515924116143,31.00101130599095
00-0031260,L.Thomas,2018,2020,2,0,0,2,302.7205515000685,2.809026000075444,5.483869139314984
00-0031280,D.Carr,2017,2024,8,8,6,4371,101.85710574750162,0.05655644978028734,92.16026328658755
00-0031288,A.McCarron,2017,2023,5,0,0,74,77.12545225531504,-0.25021385228069093,-20.962578506509086
00-0031325,S.Watkins,2020,2020,1,0,0,1,-70.12435935610256,-1.9876867602449753,-2.065572006412519
00-0031326,B.Ellington,2018,2018,1,0,0,1,65.52066507731385,-0.4363936805264687,-0.49269129519482896
00-0031345,J.Garoppolo,2017,2024,8,3,3,2009,109.45074120185537,0.1502544570291912,234.24697066649267
00-0031363,M.Palardy,2017,2021,3,0,0,3,224.49311898896948,1.4495777058285773,4.260299290281553
00-0031376,J.McKinnon,2023,2023,1,0,0,1,191.23852296659726,1.1038009751183677,1.1049320537000946
00-0031381,D.Adams,2022,2022,1,0,0,1,-49.95794068674002,-1.7914637434363567,-1.8069369889622795
00-0031382,J.Landry,2017,2021,4,0,0,10,166.6584724913003,0.9104881851464215,8.553643411342662
00-0031387,E.Ebron,2018,2018,1,0,0,1,-16.310460292927317,-1.6057167906247178,-1.662014405293078
00-0031395,G.Gilbert,2018,2021,4,0,0,81,86.43597856633079,-0.10587306682003034,-13.456871263078762
00-0031407,B.Bortles,2017,2019,3,2,1,1045,98.14178697172812,3.8893153568987586e-05,-29.902258482455633
00-0031431,M.Lee,2017,2017,1,0,0,1,66.06925439574098,-0.4426891310388802,-0.44835501131930616
00-0031503,J.Winston,2017,2025,9,4,3,2415,102.21612775272033,0.06675163835276714,73.06861763347727
00-0031543,T.Long,2021,2021,1,0,0,1,-130.2085297019541,-2.799079219735895,-2.8395580016806394
00-0031544,A.Cooper,2022,2022,1,0,0,1,-314.0944858370137,-4.974210128076045,-4.9896833736019675
00-0031549,N.Agholor,2018,2018,1,0,0,1,230.32381281533884,1.9185553488936882,1.862257734225328
00-0031568,B.Petty,2017,2017,1,0,0,126,82.06909526609311,-0.23126999754263922,-29.853920605706215
00-0031588,S.Diggs,2019,2024,3,0,0,4,131.04590693409466,0.4748237366890725,1.7118252549195754
00-0031589,B.Hundley,2017,2019,2,1,0,381,88.57519256363057,-0.14370546310305754,-57.459831099585955
00-0031800,T.Heinicke,2017,2024,7,2,0,1109,94.27828029240881,-0.04378143803753086,-81.59221639436645
00-0031941,J.Crowder,2020,2021,2,0,0,2,199.85120352663324,1.2610450799088544,2.4037261317054215
00-0031972,D.Jennings,2018,2018,1,0,0,1,186.46992162643267,1.2919066476457117,1.2356090329773515
00-0032009,A.Humphries,2020,2020,1,0,0,1,54.29837306685774,-0.4770029638330594,-0.5548882100006027
00-0032156,T.Siemian,2017,2023,5,2,0,810,85.47855887934367,-0.1688431085748212,-147.75716904534244
00-0032208,P.Dorsett,2022,2022,1,0,0,1,55.29210538258647,-0.5232401304572101,-0.5387133759831327
00-0032245,S.Mannion,2017,2021,4,0,0,103,72.00895055122085,-0.327407647856673,-36.585260744863646
00-0032268,M.Mariota,2017,2025,9,4,1,1826,99.42964859275281,0.02336260200804792,-13.109556051876968
00-0032399,M.Killebrew,2024,2024,1,0,0,1,-115.29298770205685,-2.667965000351563,-2.720315872808044
00-0032431,J.Rudock,2017,2017,1,0,0,5,1.2229999983703976,-1.2995563352979667,-6.526111077891963
00-0032434,B.Allen,2019,2025,6,0,0,357,74.65071675816557,-0.25259934867502987,-110.94131871054513
00-0032436,J.Driskel,2018,2023,5,1,0,463,91.87505934298035,-0.05413167735895169,-48.23002976130209
00-0032449,L.Edwards,2017,2017,1,0,0,1,290.99108811971325,2.529389127465777,2.5237232471853512
00-0032475,T.McEvoy,2017,2017,1,0,0,1,-54.34247175408507,-2.0337888808217426,-2.0394547611021685
00-0032496,M.Farley,2021,2021,1,0,0,1,344.22747986777875,3.0529566236072805,3.012477841662536
00-0032543,A.Erickson,2019,2020,2,0,0,2,145.32039859649961,0.5904619046054052,1.0607493980642586
00-0032630,J.Callahan,2017,2017,1,0,0,7,60.41044919253432,-0.5174636055089905,-3.661906400525915
00-0032764,D.Henry,2018,2025,5,0,0,10,146.94181738816445,0.6005956773396355,5.725886780827225
00-0032784,K.Hogan,2017,2017,1,0,0,86,86.77326493097216,-0.16910991217510632,-15.03071815117578
00-0032792,N.Sudfeld,2017,2022,4,0,0,45,77.54892518751808,-0.247706228632082,-12.596106223390986
00-0032943,R.Dixon,2020,2024,4,0,0,5,66.77884904537152,-0.39596100379363686,-2.181466410588799
00-0032950,C.Wentz,2017,2025,9,6,2,3261,98.43368077731996,0.02522322169646503,-51.3915036537993
00-0033009,T.Boyd,2018,2024,6,0,0,8,66.90349512016002,-0.3643653187591383,-3.249635723947897
00-0033040,T.Hill,2017,2017,1,0,0,1,-290.3258320211432,-5.1520322403317715,-5.1576981206121975
00-0033045,E.Elliott,2021,2021,1,0,0,1,28.260908326314492,-0.844402903625508,-0.8848816855702523
00-0033077,D.Prescott,2017,2025,9,9,6,4736,106.35970465082757,0.11024397141431366,362.45162700063065
00-0033104,C.Kessler,2017,2018,2,0,0,197,79.98905358674446,-0.23056671555767147,-55.04395275727816
00-0033106,J.Goff,2017,2025,9,9,7,5371,107.35442774219406,0.13094060496080115,504.10004105030026
00-0033108,P.Lynch,2017,2017,1,0,0,58,71.67389025509289,-0.3686304409214167,-21.70918662970688
00-0033119,J.Brissett,2017,2025,9,5,1,2506,96.30104262216682,-0.01732462432481836,-119.13146878094922
00-0033132,K.Byard,2018,2018,1,0,0,1,630.3853489561335,7.635221196446098,7.578923581777738
00-0033251,Z.Pascal,2019,2020,2,0,0,2,39.593539149620106,-0.6644302294237217,-1.449034869993995
00-0033269,R.Sanchez,2025,2025,1,0,0,1,381.3452525027557,3.560068282445241,3.516923171132601
00-0033275,P.Walker,2020,2023,4,0,0,374,76.86550677527852,-0.25589455720167137,-105.01114744015402
00-0033280,C.McCaffrey,2018,2025,4,0,0,5,206.17421516291625,1.5239271494062994,7.420141445566556
00-0033307,K.Bourne,2021,2024,2,0,0,2,136.3806660546882,0.4786816607200407,0.8645336670388561
00-0033319,N.Mullens,2018,2025,7,2,1,859,102.5663414363937,0.086045238179244,29.048136899826073
00-0033357,T.Hill,2018,2025,8,0,0,375,99.00267398996407,0.04064609665507049,-4.670133625073202
00-0033400,M.Haack,2017,2025,3,0,0,4,149.5530261980696,0.6423677916497652,2.436081845047978
00-0033466,I.McKenzie,2020,2020,1,0,0,1,281.6046858543891,2.2828461156981286,2.204960869530585
00-0033471,I.Ford,2019,2019,1,0,0,1,196.14834095569654,1.1824621444569396,1.1401729794779312
00-0033537,D.Watson,2017,2024,7,7,4,2766,103.47632059851206,0.09028086274707994,121.12340553841302
00-0033550,D.Webb,2022,2022,1,0,0,42,102.57107866453437,0.04645377992912502,1.3011824449344989
00-0033555,M.Hollins,2022,2022,1,0,0,1,102.23107401099155,0.0423568512697134,0.026883605743790735
00-0033556,T.Cohen,2017,2018,2,0,0,3,250.2491928701213,2.0851284878753624,6.187756088396875
00-0033557,J.Reeves-Maybin,2023,2023,1,0,0,1,445.3362593978261,4.181017973231001,4.182149051812728
00-0033572,J.Agnew,2020,2020,1,0,0,1,51.865970088610865,-0.5065360860690372,-0.5844213322365805
00-0033662,C.Rush,2017,2025,6,1,0,626,87.5135795315971,-0.11797736490142254,-97.78579429864723
00-0033681,K.Cole,2021,2021,1,0,0,1,35.972491545960395,-0.7492826756073633,-0.7897614575521076
00-0033733,G.Ward,2020,2021,2,0,0,4,21.348148863600855,-0.9089309291582467,-3.8724517728575623
00-0033787,J.Elliott,2019,2019,1,0,0,1,-102.65639367326747,-2.360907207292999,-2.4031963722720073
00-0033839,D.Westbrook,2018,2018,1,0,0,1,61.77310007050849,-0.48994438448203975,-0.5462419991504
00-0033856,L.Fournette,2021,2022,2,0,0,2,-124.14545934569064,-2.6806350281633184,-5.417222083797303
00-0033858,J.Smith,2023,2023,1,0,0,1,26.88676130746694,-0.8865592766114285,-0.8854281980297017
00-0033869,M.Trubisky,2017,2025,9,4,2,2166,98.28344989326425,0.021617655858863587,-39.41261004439662
00-0033873,P.Mahomes,2017,2025,9,8,8,5207,115.42184797886071,0.23345766772237067,1007.6227447765096
00-0033891,Z.Jones,2018,2020,2,0,0,2,134.88059888752687,0.3735746778224811,0.6129664948090585
00-0033893,D.Cook,2022,2022,1,0,0,1,-474.9495779508336,-6.912453708058049,-6.927926953583971
00-0033897,J.Mixon,2024,2024,1,0,0,1,35.54629200931997,-0.762048364508107,-0.814399236964588
00-0033899,D.Kizer,2017,2018,2,1,0,607,83.34327838250901,-0.21318112888486646,-135.3210895483413
00-0033906,A.Kamara,2019,2019,1,0,0,1,180.7843559506702,1.000268667318245,0.9579795023392367
00-0033908,C.Kupp,2017,2025,5,0,0,5,-29.056294630173046,-1.568828614572801,-7.991195256906747
00-0033921,C.Godwin,2023,2023,1,0,0,1,42.923561024449484,-0.6923477366838279,-0.6912166581021011
00-0033923,K.Hunt,2019,2019,1,0,0,1,-2.086650538866948,-1.1683031276478162,-1.2105922926268247
00-0033936,C.Beathard,2017,2023,6,1,0,642,89.94857201331139,-0.10254412861882141,-87.41580324533103
00-0033949,J.Dobbs,2018,2025,6,1,0,639,90.99752593670486,-0.10293670685606615,-70.74603034462605
00-0033958,N.Peterman,2017,2023,6,0,0,185,62.31679158601931,-0.47934798284274943,-95.45878091055665
00-0034052,B.Zylstra,2020,2021,2,0,0,2,28.314094706805577,-0.8216360229107981,-1.7616360739338837
00-0034064,C.Wadman,2018,2019,2,0,0,2,81.47563244770211,0.11504765629916602,0.13150853295096354
00-0034162,J.Scott,2018,2024,2,0,0,2,-35.597367744915694,-1.7000421117232487,-3.508732710571339
00-0034177,T.Boyle,2019,2024,6,0,0,247,77.37484697644526,-0.24934124311831218,-68.48092268742977
00-0034253,D.Hilliard,2018,2018,1,0,0,1,-354.89351657181146,-6.443887970640943,-6.500185585309303
00-0034279,E.St. Brown,2022,2022,1,0,0,1,67.1948713633762,-0.37981626091648474,-0.3952895064424074
00-0034331,J.Samuels,2019,2019,1,0,0,5,36.535978595159555,-0.7102975323634899,-3.762933486712492
00-0034343,J.Rosen,2018,2021,3,1,0,590,68.11991343173702,-0.3778086219883456,-254.15559090725966
00-0034348,C.Sutton,2019,2025,4,0,0,5,209.34791826260076,1.3985366029154673,6.762068211427981
00-0034353,A.Miller,2018,2018,1,0,0,1,204.31815311253428,1.5469483503799084,1.4906507357115482
00-0034369,K.Lauletta,2018,2018,1,0,0,5,2.3978488403338503,-1.3383850373168267,-6.973413259925935
00-0034401,M.White,2021,2024,4,0,0,338,91.15783830697458,-0.08186403656266712,-36.606782250493346
00-0034411,R.Gage,2020,2020,1,0,0,2,181.05395326765552,1.0620052011957948,1.968239910056503
00-0034412,L.Falk,2019,2019,1,0,0,89,39.36897894946968,-0.6767024601788936,-63.99025463905329
00-0034418,C.Wilson,2020,2024,5,0,0,9,160.60381965759683,0.795713587257792,6.765171535293649
00-0034419,B.Berrios,2022,2022,1,0,0,1,195.7342631045188,1.169035239791812,1.1535619942658892
00-0034437,L.Cooke,2018,2023,3,0,0,5,216.1234608630547,1.5158855567839595,7.397393752896138
00-0034438,L.Woodside,2020,2023,2,0,0,9,23.369098935369152,-0.9024315302730387,-8.348753039469619
00-0034521,A.Lazard,2024,2024,1,0,0,1,15.695745705062052,-1.0128682206109632,-1.0652190930674441
00-0034577,K.Allen,2018,2025,7,1,0,794,91.95487885894745,-0.04888480222157409,-74.05123560608985
00-0034613,T.Hudson,2023,2023,1,0,0,1,-85.88027703669746,-2.2522095657213406,-2.2510784871396137
00-0034721,C.Bojorquez,2018,2025,2,0,0,2,-77.83322781281379,-2.361166488697943,-4.821775703376886
00-0034771,M.Rudolph,2019,2025,6,2,0,799,93.91121850325635,-0.03068463454865617,-58.791248732292416
00-0034775,C.Kirk,2021,2023,3,0,0,4,118.57178111465815,0.2524621195625058,0.9561586079428097
00-0034796,L.Jackson,2018,2025,8,8,7,3418,110.13636119012457,0.16234238001234402,420.941211995181
00-0034799,K.Ballage,2019,2019,1,0,0,1,71.56117715978839,-0.29495198810037826,-0.33724115307938674
00-0034827,D.Moore,2020,2025,3,0,0,3,173.7417170308945,0.9834570605507662,2.776989951715634
00-0034829,M.Gesicki,2021,2021,1,0,0,1,48.76688587672678,-0.591467390284872,-0.6319461722296164
00-0034844,S.Barkley,2024,2024,1,0,0,1,-37.51877068615869,-1.6852556269447674,-1.7376064994012483
00-0034855,B.Mayfield,2018,2025,8,8,5,4422,101.73617643564276,0.0632089029753917,97.95030112875945
00-0034857,J.Allen,2018,2025,8,8,6,4664,110.67483210826963,0.16969551550724601,607.4036245400542
00-0034860,D.Pettis,2019,2021,2,0,0,2,187.35456901011446,1.0958230116969863,2.1088780764702197
00-0034869,S.Darnold,2018,2025,8,6,2,3169,95.56648272605975,-0.006811672422957744,-176.3481906827759
00-0034899,J.Wolford,2020,2022,3,0,0,120,76.0479028297405,-0.25177930948235244,-34.81663831003519
00-0034928,S.Sims,2019,2019,1,0,0,1,62.818911003438465,-0.39862195839625164,-0.4409111233752601
00-0034955,B.Rypien,2020,2025,5,0,0,184,74.03014495657514,-0.28828104803932,-57.81337904430653
00-0034959,A.Beck,2019,2019,1,0,0,1,292.0700362212756,2.3199474510200973,2.2776582860410888
00-0034960,J.Meyers,2020,2024,4,0,0,9,172.89915219980756,0.9119344801004926,7.922855706550283
00-0035040,D.Blough,2019,2022,4,0,0,273,79.22509618259014,-0.21021606052834435,-67.61442400725065
00-0035042,J.Gillan,2022,2022,1,0,0,1,-223.75037731077344,-3.885597476533272,-3.901070722059195
00-0035100,J.Browning,2023,2025,2,1,1,421,98.19728013663664,-0.012300577771294414,-10.81247336423062
00-0035146,T.McSorley,2020,2022,2,0,0,101,71.65532955169326,-0.31911056024512113,-34.479496389933246
00-0035156,J.Fox,2021,2024,3,0,0,5,287.0038244135843,2.347351579221569,11.547497432291209
00-0035190,A.Cole,2024,2024,1,0,0,1,441.1846852349106,4.363360370304034,4.311009497847553
00-0035228,K.Murray,2019,2025,7,6,3,3324,101.44102699474395,0.06171929695544818,61.72158220766421
00-0035232,D.Haskins,2019,2020,2,2,0,511,80.2976794689175,-0.17557012286532456,-120.86584584698151
00-0035250,D.Singletary,2023,2023,1,0,0,1,252.7952044392345,1.8492750168608512,1.850406095442578
00-0035251,W.Grier,2019,2019,1,0,0,63,58.41085771141515,-0.45089476108537546,-31.07058734205619
00-0035264,J.Stidham,2019,2024,5,0,0,233,89.63444209682717,-0.10042109088596321,-29.033009008065072
00-0035282,E.Stick,2020,2023,2,0,0,197,89.75755397625397,-0.12477433620214132,-24.436738075970926
00-0035289,G.Minshew II,2019,2025,7,4,1,1983,96.58961553258001,-0.004461401622639891,-83.5745746080192
00-0035290,J.Johnson,2020,2020,1,0,0,1,348.7206677045176,3.0977376092927122,3.019852363125169
00-0035297,K.Harmon,2019,2019,1,0,0,1,168.32999694002248,0.852578925825969,0.8102897608469605
00-0035350,P.Williams,2019,2019,1,0,0,1,16.334056179740728,-0.9498615835225589,-0.9921507485015674
00-0035510,J.Smith,2020,2020,1,0,0,1,-65.6782984571795,-1.933704726358825,-2.0115899725263686
00-0035544,T.Kennedy,2021,2021,1,0,0,1,509.70506035259024,5.0940764221340595,5.053597640189315
00-0035577,D.Hodges,2019,2019,1,0,0,183,85.5300392757517,-0.1293025449548835,-31.401282917902233
00-0035639,P.Campbell,2023,2023,1,0,0,1,-27.208007936640655,-1.5416668181616893,-1.5405357395799624
00-0035645,G.Olszewski,2025,2025,1,0,0,2,192.08592760794846,1.194254396643343,2.302218570661405
00-0035652,R.Finley,2019,2020,2,0,0,147,51.753873539187126,-0.523079710422892,-84.63985617518637
00-0035676,A.Brown,2021,2021,1,0,0,2,46.42200372274761,-0.6203908575949244,-1.3217392790793374
00-0035685,D.Montgomery,2021,2025,3,0,0,5,40.38642060332834,-0.6889833305042046,-3.6671816408601696
00-0035700,J.Jacobs,2023,2023,1,0,0,1,10.265673736133138,-1.0878467572477224,-1.0867156786659955
00-0035704,D.Lock,2019,2025,6,2,0,1069,90.74539481953441,-0.05750442358603309,-121.91726501218528
00-0035710,D.Jones,2019,2025,7,7,2,3024,95.65486255719767,-0.011206479543433786,-159.2273116050032
00-0035719,D.Samuel,2021,2024,3,0,0,4,86.84383135651382,-0.13976158786117093,-0.6912237092089264
00-0035752,C.Streveler,2020,2022,3,0,0,49,60.238319732856894,-0.4394009648102035,-23.712318755045217
00-0035831,J.Robinson,2020,2020,1,0,0,1,-273.70350147428655,-4.459451407238265,-4.537336653405808
00-0035859,B.Gillikin,2021,2021,1,0,0,1,-89.32975066540084,-2.294850882660537,-2.3353296646052812
00-0035864,K.Hinton,2020,2021,2,0,0,12,-12.299978888376708,-1.2928697490444079,-16.411653478320616
00-0035889,T.Townsend,2020,2023,4,0,0,4,227.0629079512381,1.5966988421694928,6.254089173621487
00-0035939,B.Perkins,2022,2022,1,0,0,46,74.63615303215988,-0.29015160540684054,-14.058743142907106
00-0035993,T.Huntley,2020,2025,6,1,0,656,93.23084160308723,-0.047727665703187365,-54.89170920730305
00-0036133,J.Proche,2022,2022,1,0,0,1,-235.06091827675363,-4.0218852565801875,-4.03735850210611
00-0036142,I.Wright,2020,2020,1,0,0,1,47.84190012463986,-0.5553944994137443,-0.6332797455812876
00-0036145,L.Cager,2022,2022,1,0,0,1,31.54861153778903,-0.8093403334800461,-0.8248135790059687
00-0036197,J.Fromm,2021,2021,1,0,0,72,60.312455300991665,-0.4490560118486526,-35.24650515312459
00-0036212,T.Tagovailoa,2020,2025,6,6,4,2629,107.09842298740674,0.12050638139328164,227.9799017736878
00-0036226,J.Eason,2021,2022,2,0,0,10,53.13659380916933,-0.5442253492692285,-5.7220136300456215
00-0036261,B.Aiyuk,2021,2021,1,0,0,1,80.31296088508522,-0.20235535422098216,-0.24283413616572652
00-0036264,J.Love,2021,2025,5,3,3,1655,110.64776351700334,0.16013593450740443,218.14637030629513
00-0036275,D.Swift,2021,2021,1,0,0,1,21.58504756045241,-0.9267477840708679,-0.9672265660156122
00-0036290,C.Kmet,2025,2025,1,0,0,1,53.66028224157599,-0.5361190691865487,-0.5792641804991892
00-0036309,D.Mooney,2023,2024,2,0,0,2,67.23209726939045,-0.38095133272931725,-0.8131224593333888
00-0036312,J.Luton,2020,2020,1,0,0,118,71.14468848460037,-0.27246272238975466,-41.34106028976116
00-0036313,B.Mann,2022,2023,2,0,0,3,238.89249724189548,1.6906073287957064,5.042006573917001
00-0036320,J.Charlton,2020,2020,1,0,0,2,155.0624790887828,0.7464286331342177,1.3370867739333487
00-0036322,J.Jefferson,2021,2024,4,0,0,10,156.7285973537178,0.729769661139133,6.985791080703349
00-0036326,C.Claypool,2022,2022,1,0,0,1,312.7368263385458,2.578872280383128,2.563399034857205
00-0036355,J.Herbert,2020,2025,6,6,6,3847,104.52763761440964,0.0943055880021373,214.78971276264284
00-0036358,C.Lamb,2020,2020,1,0,0,1,-7.059093170350465,-1.2219771998781828,-1.299862446045726
00-0036364,L.Bowden,2020,2020,1,0,0,4,135.28231853111413,0.5062669885296182,1.713526969448299
00-0036384,B.DiNucci,2020,2020,1,0,0,50,47.92630445950485,-0.55436970066078,-31.612747341416163
00-0036389,J.Hurts,2020,2025,6,5,5,2814,105.59018952331,0.09987683005634364,193.08738627668654
00-0036398,J.Hightower,2020,2020,1,0,0,1,49.96543526147701,-0.5296115089596682,-0.6074967551272116
00-0036414,C.Akers,2023,2025,2,0,0,2,167.18334495197377,0.8856286442564765,1.7292432557820394
00-0036425,D.Dallas,2022,2023,2,0,0,2,-122.01896373246385,-2.6693298851574316,-5.353001937259059
00-0036442,J.Burrow,2020,2025,6,6,5,3118,107.16960081724204,0.12651680904150409,275.7099411937239
00-0036613,J.Waddle,2025,2025,1,0,0,1,51.61557659793207,-0.561678671107347,-0.6048237824199875
00-0036626,D.Brown,2023,2024,2,0,0,2,69.86163138881278,-0.3494183973347147,-0.7500565885441834
00-0036679,S.Buechele,2025,2025,1,0,0,20,64.34771970257259,-0.4025220167669728,-8.913342561592264
00-0036825,F.Franks,2021,2021,1,0,0,1,-212.58455864241716,-3.8151645595250336,-3.855643341469778
00-0036849,T.Atwell,2024,2024,1,0,0,1,56.91493051599279,-0.49204678605240565,-0.5443976585088868
00-0036879,S.Ehlinger,2022,2022,1,0,0,126,75.99985593304373,-0.27371949649498417,-36.43828549463427
00-0036880,P.Sewell,2024,2024,1,0,0,1,20.116699431601845,-0.9570076432478983,-1.0093585157043792
00-0036893,N.Harris,2022,2022,1,0,0,1,95.46833289439282,-0.0391316448672495,-0.054604890393172165
00-0036898,D.Mills,2021,2025,5,2,0,1214,87.62495801125677,-0.12249466512879796,-183.87619128884003
00-0036900,J.Chase,2022,2023,2,0,0,2,-52.893895838002834,-1.8403505405660154,-3.695043248076227
00-0036913,K.Toney,2021,2023,3,0,0,6,78.65179563578015,-0.23154001761509793,-1.565497400413761
00-0036919,K.Gainwell,2023,2023,1,0,0,1,199.65029376947285,1.2056706118273985,1.2068016904091254
00-0036928,K.Trask,2022,2024,3,0,0,11,42.72770025859343,-0.672869953118801,-7.592048487914868
00-0036929,I.Book,2021,2021,1,0,0,30,13.74701434719637,-1.0234277374894267,-31.917195583025133
00-0036945,J.Fields,2021,2025,5,4,0,1697,93.4069551080769,-0.05621981501774979,-137.1046865942305
00-0036946,K.Mond,2021,2021,1,0,0,3,48.17059877806335,-0.598822425324194,-1.9179036218068153
00-0036963,St. Brown,2023,2024,2,0,0,2,85.5187794155307,-0.11445717815665057,-0.2801341501880552
00-0036971,T.Lawrence,2021,2025,5,5,3,2891,100.3262625473122,0.0310226946995585,9.684313518716674
00-0036972,M.Jones,2021,2025,5,5,2,2036,96.77911552271662,-0.00991020920120686,-78.7385821951776
00-0037012,T.Lance,2021,2025,4,0,0,236,82.54712116363733,-0.17798133728986937,-51.365349284205195
00-0037013,Z.Wilson,2021,2025,4,3,0,1168,82.56193499988898,-0.19380650699998497,-248.58377512588473
00-0037077,S.Howell,2022,2024,3,1,0,753,87.62032445927122,-0.1500569484725993,-113.57244520024415
00-0037175,A.Brown,2022,2022,1,0,0,52,65.4797119949932,-0.40048328855439136,-21.62973977217633
00-0037238,D.London,2023,2023,1,0,0,1,251.23111617087963,1.8303333329500504,1.8314644115317773
00-0037239,C.Olave,2025,2025,1,0,0,1,-191.29186921392431,-3.5981145697653014,-3.641259681077942
00-0037276,T.Chandler,2024,2024,1,0,0,1,48.0783475250306,-0.6037006639992644,-0.6560515364557454
00-0037304,Co.Heyward,2023,2023,1,0,0,1,78.1730757576916,-0.2654631550428902,-0.26433207646116336
00-0037324,C.Oladokun,2024,2025,2,0,0,68,57.24023317201227,-0.49141041976839867,-36.36818763579834
00-0037327,S.Thompson,2022,2024,2,0,0,156,72.28494054189696,-0.31503844900702416,-53.03492942436204
00-0037500,R.Wright,2022,2022,1,0,0,2,83.4078982082782,-0.18445536322123965,-0.3998572174943246
00-0037740,G.Wilson,2022,2023,2,0,0,2,61.5394449074026,-0.4572876319022779,-0.9289174307487515
00-0037742,T.Burks,2025,2025,1,0,0,1,51.46320257226313,-0.563583404657271,-0.6067285159699114
00-0037834,B.Purdy,2022,2025,4,3,3,1511,116.69412938190538,0.2338398775313836,309.9996343467833
00-0038102,K.Pickett,2022,2025,4,2,0,907,93.47623970748576,-0.06733249537293243,-72.4562066543746
00-0038108,B.Zappe,2022,2024,3,1,0,378,79.88780878642937,-0.23779665549923318,-92.86832054573557
00-0038120,B.Hall,2025,2025,1,0,0,1,187.8982309244107,1.1419065877892915,1.0987614764766511
00-0038122,D.Ridder,2022,2024,3,1,0,671,91.29618876367071,-0.09685976602775857,-71.82372813464077
00-0038128,M.Willis,2022,2025,4,0,0,208,103.49495525740559,0.08456520798439096,10.688368503538376
00-0038391,S.Clifford,2023,2023,1,0,0,1,277.67387878028524,2.1505649088843874,2.1516959874661143
00-0038393,D.Wicks,2023,2023,1,0,0,1,171.01123430122317,0.8588410735425963,0.8599721521243231
00-0038400,T.McKee,2024,2025,2,0,0,96,104.4380994030186,0.10432930943556501,5.44101224604025
00-0038416,T.Bagent,2023,2025,3,0,0,166,91.09520325909482,-0.10650356051905992,-17.820176853145544
00-0038476,T.DeVito,2023,2024,2,1,0,291,82.80398874907033,-0.2006755792539314,-60.95547505167476
00-0038543,J.Smith-Njigba,2024,2024,1,0,0,1,271.0617774662461,2.213787124696019,2.161436252239538
00-0038550,H.Hooker,2024,2024,1,0,0,11,75.81305581267956,-0.2532611629830802,-3.3617323898351734
00-0038579,A.O'Connell,2023,2025,3,2,0,645,95.56969551355492,-0.032834381491489685,-35.14915644900486
00-0038582,C.Tune,2023,2025,3,0,0,57,24.24958039203337,-0.9110784135502344,-52.94803817295744
00-0038583,D.Thompson-Robinson,2023,2024,2,0,0,253,64.07745112952473,-0.4209488483456152,-113.2735132873072
00-0038598,J.Hall,2023,2023,1,0,0,27,53.12444052665504,-0.5688113359241878,-15.327366948246445
00-0038618,X.Hutchinson,2025,2025,1,0,0,1,172.39308474461495,0.9480863353185743,0.9049412240059339
00-0038911,M.Cunningham,2023,2023,1,0,0,1,-4.0415509833937335,-1.2611125081398442,-1.2599814295581173
00-0038977,N.Dell,2023,2023,1,0,0,1,32.974919110009665,-0.8128294475295114,-0.8116983689477846
00-0038998,J.Haener,2024,2024,1,0,0,50,71.13264852281065,-0.31240004334204907,-18.237545789926507
00-0039040,D.Achane,2023,2023,1,0,0,1,-16.10508007991504,-1.4072062802230472,-1.4060752016413203
00-0039054,M.Mapu,2025,2025,1,0,0,1,-104.41601348559911,-2.512133173935894,-2.5552782852485345
00-0039150,B.Young,2023,2025,3,3,0,1605,89.27981906886733,-0.10259670161846361,-210.65124072453693
00-0039152,W.Levis,2023,2024,2,2,0,652,90.04257673657717,-0.09679972165216248,-81.7364215577553
00-0039163,C.Stroud,2023,2025,3,3,2,1642,102.92761844838638,0.06677863194469408,57.62767817013037
00-0039164,A.Richardson,2023,2025,3,1,0,397,91.40337220806742,-0.06995472887286196,-43.29568100371712
00-0039337,M.Nabers,2024,2024,1,0,0,1,19.434503812529556,-0.9656274668228804,-1.0179783392793613
00-0039376,S.Rattler,2024,2025,2,2,0,551,81.82472333431461,-0.1813002439887382,-126.0905059518897
00-0039398,J.Milton,2024,2025,2,0,0,58,107.4676839189533,0.14344922752277198,5.532260144728572
00-0039451,I.Williams,2025,2025,1,0,0,1,31.16972850800761,-0.8172595855221308,-0.8604046968347713
00-0039491,J.Coker,2024,2024,1,0,0,1,198.13803495946087,1.292365501246277,1.240014628789796
00-0039577,K.Slovis,2025,2025,1,0,0,2,14.479485725603311,-1.0258939984048978,-2.1380782194350765
00-0039634,A.McNamara,2025,2025,1,0,0,1,325.24479328284826,2.8587911036531812,2.815645992340541
00-0039732,B.Nix,2024,2025,2,2,2,1309,103.02359758608813,0.08546728225640712,49.5080346333326
00-0039851,D.Maye,2024,2025,2,2,1,1017,110.22553993673638,0.17449390593991473,129.75212750010024
00-0039890,A.Mitchell,2024,2024,1,0,0,1,283.5819009943575,2.3719840596104644,2.3196331871539835
00-0039910,J.Daniels,2024,2025,2,2,1,839,106.36555259519956,0.130181655866289,67.52782147763828
00-0039916,R.Pearsall,2024,2024,1,0,0,1,56.697270719307596,-0.49479700753483646,-0.5471478799913175
00-0039917,M.Penix,2024,2025,2,1,0,415,100.06034624437042,0.0465694364625983,0.3808439279785292
00-0039918,C.Williams,2024,2025,2,2,1,1309,98.8313663468052,0.03279295862252606,-19.774062404595952
00-0039923,J.McCarthy,2025,2025,1,1,0,287,83.35206573777899,-0.16496042889982118,-59.72629004097648
00-0040128,T.Warren,2025,2025,1,0,0,1,59.08276555832815,-0.4683359555490481,-0.5114810668616885
00-0040206,R.Leonard,2025,2025,1,0,0,72,89.56818189164767,-0.0872566015150733,-9.388923323595389
00-0040234,Q.Ewers,2025,2025,1,0,0,94,92.48966514728832,-0.05073694438761636,-8.824913235824138
00-0040259,G.Larvadain,2025,2025,1,0,0,1,31.75734290639822,-0.8099141809879958,-0.8530592923006363
00-0040398,B.Cook,2025,2025,1,0,0,179,65.5271343565245,-0.3877788828844624,-77.13539496128139
00-0040494,M.Brosmer,2025,2025,1,0,0,87,45.62349398918965,-0.6365819935645848,-59.13625812431859
00-0040668,S.Sanders,2025,2025,1,1,0,253,75.76334502491316,-0.25982233780681546,-76.65076462722234
00-0040676,C.Ward,2025,2025,1,1,0,615,84.72257612238556,-0.14782852535773638,-117.44878655228175
00-0040691,J.Dart,2025,2025,1,1,1,411,100.87901974693236,0.05413319406281676,4.516102010322481
00-0040704,D.Gabriel,2025,2025,1,1,0,214,80.93948220047382,-0.19511864507430052,-50.988443866805355
00-0040730,R.Harvey,2025,2025,1,0,0,1,58.96323383214993,-0.46983014780479804,-0.5129752591174385
00-0040743,T.Shough,2025,2025,1,1,0,375,95.16480927522277,-0.01729662049389835,-22.665649427452035
