season,dropback_player_id,player,dropbacks,games,total_epa,epa_per_dropback,positive_epa_rate,sacks,scrambles,penalty_rows,identity_fallbacks,league_dropbacks,league_epa_per_dropback,epa_above_average_per_dropback,epa_above_average,schedule_adjustment_total,schedule_adjustment_per_dropback,opponent_adjusted_epa_per_dropback,opponent_adjusted_epa_above_average,pass_plus,resampling_dropbacks,resampled_rate_p025,resampled_rate_p975,pass_plus_resampled_p025,pass_plus_resampled_p975
2022,00-0033280,C.McCaffrey,1,1,3.771136244176887,3.771136244176887,1.0,0,0,0,0,20210,0.015473245525922667,3.755662998650964,3.755662998650964,-0.026407859648046053,-0.026407859648046053,3.744728384528841,3.7292551390029183,409.49137925472746,,,,,
2022,00-0035156,J.Fox,1,1,2.9525986034423113,2.9525986034423113,1.0,0,0,0,0,20210,0.015473245525922667,2.9371253579163885,2.9371253579163885,0.019095433776439106,0.019095433776439106,2.9716940372187506,2.956220791692828,345.33715610756974,,,,,
2022,00-0022824,A.Lee,1,1,2.8644769557286054,2.8644769557286054,1.0,0,0,0,0,20210,0.015473245525922667,2.8490037102026826,2.8490037102026826,-0.015257572367621056,-0.015257572367621056,2.8492193833609845,2.8337461378350617,335.1729683184983,,,,,
2022,00-0032943,R.Dixon,2,2,5.386753983795643,2.6933769918978214,1.0,0,0,0,0,20210,0.015473245525922667,2.6779037463718987,5.355807492743797,0.027685793380760527,0.013842896690380264,2.7072198885882015,5.3834932861245575,323.38841138886613,,,,,
2022,00-0036326,C.Claypool,1,1,2.553211367689073,2.553211367689073,1.0,0,0,0,0,20210,0.015473245525922667,2.5377381221631503,2.5377381221631503,0.025660912694054915,0.025660912694054915,2.578872280383128,2.563399034857205,312.7368263385458,,,,,
2022,00-0036322,J.Jefferson,3,3,3.5277572203194723,1.1759190734398242,1.0,0,1,0,0,20210,0.015473245525922667,1.1604458279139014,3.4813374837417044,0.07285176777115493,0.024283922590384976,1.2002029960302092,3.5541892515128595,198.32087933402025,,,,,
2022,00-0034419,B.Berrios,1,1,1.1844526951317675,1.1844526951317675,1.0,0,0,0,0,20210,0.015473245525922667,1.1689794496058448,1.1689794496058448,-0.015417455339955487,-0.015417455339955487,1.169035239791812,1.1535619942658892,195.7342631045188,,,,,
2022,00-0033357,T.Hill,21,11,12.586181564557638,0.5993419792646494,0.5714285714285714,2,0,0,0,20210,0.015473245525922667,0.5838687337387267,12.261243408513263,-0.053958367350771363,-0.0025694460643224458,0.596772533200327,12.207285041162491,148.24210508435291,,,,,
2022,00-0033319,N.Mullens,26,4,12.2586348800567,0.4714859569252577,0.6153846153846154,0,1,1,0,20210,0.015473245525922667,0.456012711399335,11.85633049638271,-0.16497596586940874,-0.006345229456515721,0.46514072746874197,11.691354530513301,137.31796404514506,,,,,
2022,00-0036313,B.Mann,2,2,0.8920440872316249,0.44602204361581244,0.5,0,0,0,0,20210,0.015473245525922667,0.4305487980898898,0.8610975961797795,-0.045582049914154404,-0.022791024957077202,0.42323101865873525,0.8155155462656252,133.8398717451259,,,,,
2022,00-0033009,T.Boyd,2,2,0.6072884440654889,0.30364422203274444,0.5,1,0,0,0,20210,0.015473245525922667,0.2881709765068218,0.5763419530136435,-0.01668411895587322,-0.00834205947793661,0.29530216255480785,0.5596578340577704,123.22303898729268,,,,,
2022,00-0033873,P.Mahomes,720,17,209.30933992853537,0.2907074165674102,0.5333333333333333,26,46,12,0,20210,0.015473245525922667,0.27523417104148756,198.16860314987105,-1.5354049865869408,-0.0021325069258151955,0.28857490964159505,196.6331981632841,122.66474337460305,720,0.1999405905933548,0.39378847501357894,115.30896946558653,131.39643113785672
2022,00-0032764,D.Henry,2,1,0.46645660075591877,0.23322830037795939,0.5,0,0,0,0,20210,0.015473245525922667,0.21775505485203672,0.43551010970407344,0.03120795625554604,0.01560397812777302,0.24883227850573242,0.4667180659596195,119.36649713856283,,,,,
2022,00-0036212,T.Tagovailoa,430,13,94.75122796508762,0.22035169294206425,0.4930232558139535,21,10,5,0,20210,0.015473245525922667,0.20487844741614158,88.09773238894087,3.3328547337047567,0.0077508249621040855,0.22810251790416833,91.43058712264562,117.64613155319456,430,0.0625128042044308,0.38597059821738855,103.9038192218829,130.74762450427698
2022,00-0028118,T.Taylor,15,2,3.1441115709021688,0.2096074380601446,0.6,3,4,1,0,20210,0.015473245525922667,0.19413419253422193,2.912012888013329,0.08492933571722266,0.005661955714481511,0.2152693937746261,2.9969422237305516,116.58110887736309,,,,,
2022,00-0034857,J.Allen,650,16,140.52403189440423,0.21619081829908343,0.5215384615384615,33,51,7,0,20210,0.015473245525922667,0.20071757277316077,130.4664223025545,-0.8010437397567174,-0.0012323749842411036,0.21495844331484232,129.66537856279777,116.55530305740943,650,0.12422847390758064,0.30650446541160115,109.02561084678199,124.15271958911525
2022,00-0034869,S.Darnold,156,6,27.96211131041631,0.17924430327189944,0.47435897435897434,10,9,2,0,20210,0.015473245525922667,0.16377105774597678,25.548285008372375,1.1937781134579764,0.007652423804217797,0.18689672707611724,26.742063121830352,114.22645749998269,156,-0.09443767464244072,0.40714373108750984,90.87847813835609,132.50478561309546
2022,00-0036264,J.Love,20,4,3.520028238401961,0.17600141192009805,0.45,0,0,0,0,20210,0.015473245525922667,0.1605281663941754,3.210563327883508,0.17119978739111513,0.008559989369555756,0.18456140128965381,3.381763115274623,114.03264850281792,,,,,
2022,00-0031345,J.Garoppolo,329,11,61.50697438111423,0.1869512899122013,0.49848024316109424,18,3,7,0,20210,0.015473245525922667,0.17147804438627864,56.41627660308568,-1.2118157876984972,-0.00368333066169756,0.18326795925050374,55.20446081538718,113.9253055762115,329,0.04439514024092373,0.3376253178098593,102.40023188341009,126.73544326269445
2022,00-0037834,B.Purdy,187,7,36.90996630578262,0.19737949896140436,0.48663101604278075,11,6,0,0,20210,0.015473245525922667,0.1819062534354817,34.01646939243508,-3.2454188763163696,-0.01735518115677203,0.18002431780463232,30.771050516118706,113.65611534184235,187,0.07807230579740605,0.28645228699979536,105.19510432548499,122.48858663966226
2022,00-0033106,J.Goff,624,17,96.89163248518943,0.15527505205959846,0.4823717948717949,23,15,9,0,20210,0.015473245525922667,0.1398018065336758,87.23632727701369,2.332234296363146,0.0037375549621204264,0.15901260702171888,89.56856157337683,111.91235067347912,624,0.027398837067923048,0.27170414498072115,100.98970642586525,121.26463637485193
2022,00-0036442,J.Burrow,673,16,99.87692525113884,0.1484055352914396,0.5022288261515602,41,27,13,0,20210,0.015473245525922667,0.13293228976551694,89.46343101219288,3.060920324750423,0.004548172845097211,0.1529537081365368,92.52435133694331,111.40952185033743,673,0.020829682863748266,0.2890523451351492,100.4445314460352,122.70436580961959
2022,00-0036971,T.Lawrence,633,17,92.1847540355132,0.14563152296289605,0.5039494470774092,27,24,8,0,20210,0.015473245525922667,0.1301582774369734,82.39018961760415,3.0007330514765282,0.0047404945520956214,0.15037201751499168,85.39092266908068,111.19526700279042,633,0.037098415637486504,0.2586449855172968,101.79467573951925,120.18085499664265
2022,00-0036389,J.Hurts,541,15,68.56420093026351,0.12673604608181796,0.4658040665434381,38,43,7,0,20210,0.015473245525922667,0.1112628005558953,60.193175100739346,-2.405958198980569,-0.0044472425119788704,0.1222888035698391,57.787216901758775,108.86463734785222,541,-0.008811770515297792,0.24412388302147411,97.98458329353404,118.97574677201928
2022,00-0035289,G.Minshew II,83,4,6.426325268233322,0.07742560564136533,0.42168674698795183,6,2,0,0,20210,0.015473245525922667,0.06195236011544267,5.142045889581741,1.5815530672807037,0.019054856232297634,0.09648046187366296,6.723598956862444,106.72279964297412,,,,,
2022,00-0033119,J.Brissett,413,12,32.338193198685545,0.07830070992417808,0.4552058111380145,24,23,5,0,20210,0.015473245525922667,0.06282746439825541,25.947742796479485,2.134203820160816,0.005167563729202945,0.08346827365338103,28.081946616640302,105.64291641447132,413,-0.07846998402574197,0.2636969286901215,92.20363890324711,120.60011643148566
2022,00-0033077,D.Prescott,429,12,34.02608114869815,0.07931487447248985,0.4965034965034965,20,15,5,0,20210,0.015473245525922667,0.06384162894656718,27.388058818077322,-2.00404237458608,-0.004671427446587599,0.07464344702590225,25.38401644349124,104.91054288066357,429,-0.08128299747005595,0.24255726411667194,91.97018654391735,118.84573286105275
2022,00-0029701,R.Tannehill,370,12,24.110114105477276,0.065162470555344,0.46216216216216216,33,13,7,0,20210,0.015473245525922667,0.04968922502942133,18.38501326088589,1.7629468022662782,0.004764721087206158,0.06992719164255015,20.14796006315217,104.51914022005037,370,-0.08508302924148299,0.21868860521256236,91.65482140253816,116.86486968869052
2022,00-0026544,C.Daniel,14,3,0.5684253455496533,0.04060181039640381,0.35714285714285715,1,1,0,0,20210,0.015473245525922667,0.02512856487048114,0.35179990818673595,0.4080792422213547,0.029148517301525338,0.06975032769792915,0.7598791504080906,104.50446225779763,,,,,
2022,00-0035710,D.Jones,565,16,33.35522648077254,0.05903579908101334,0.4814159292035398,44,54,11,0,20210,0.015473245525922667,0.04356255355509067,24.61284275862623,-0.1813585002831536,-0.000320988496076378,0.058714810584936966,24.431484258343076,103.58862322700332,565,-0.02732535217377231,0.16780842219924194,96.44813869297548,112.64231654320213
2022,00-0038108,B.Zappe,99,4,7.588488814594893,0.07665140216762518,0.47474747474747475,6,1,4,0,20210,0.015473245525922667,0.06117815664170252,6.056637507528549,-2.025955337290341,-0.02046419532616506,0.05618720684146013,4.030682170238208,103.37885705665028,,,,,
2022,00-0034796,L.Jackson,377,12,17.833132920026465,0.047302739840919004,0.4562334217506631,26,26,4,0,20210,0.015473245525922667,0.031829494314996334,11.99971935675362,0.7936473718718919,0.002105165442631013,0.04940790528355002,12.79336672862551,102.81624192002481,377,-0.09524843096062398,0.20050044939526904,90.81119336383645,115.3554322219102
2022,00-0019596,T.Brady,756,17,38.56300232199324,0.05100926233067889,0.47354497354497355,22,4,4,0,20210,0.015473245525922667,0.035536016804756224,26.865228704395705,-2.142498662375366,-0.002833992939649955,0.04817526939102893,24.722730042020338,102.71394530360259,756,-0.027699780343946215,0.12973881430732706,96.4170648494063,109.4829147283653
2022,00-0033550,D.Webb,42,1,0.6544405802785449,0.015581918578060593,0.38095238095238093,0,2,2,0,20210,0.015473245525922667,0.00010867305213792602,0.004564268189792942,1.296618176744706,0.030871861351064428,0.04645377992912502,1.3011824449344989,102.57107866453438,,,,,
2022,00-0029604,K.Cousins,698,17,26.44357512390146,0.03788477811447201,0.47707736389684813,46,12,13,0,20210,0.015473245525922667,0.022411532588549343,15.64324974680744,3.8568503097431095,0.0055255735096606156,0.04341035162413263,19.50010005655055,102.31850414531638,698,-0.07431914534767999,0.16603190615994176,92.54811755639733,112.49488324116794
2022,00-0033555,M.Hollins,1,1,0.05114959494676441,0.05114959494676441,1.0,0,0,0,0,20210,0.015473245525922667,0.035676349420841746,0.035676349420841746,-0.00879274367705101,-0.00879274367705101,0.0423568512697134,0.026883605743790735,102.23107401099155,,,,,
2022,00-0031280,D.Carr,543,15,19.547376166519456,0.035998851135394944,0.4180478821362799,27,14,8,0,20210,0.015473245525922667,0.020525605609472277,11.145403845943449,2.1564278849691596,0.003971322071766408,0.039970173207161355,13.301831730912609,102.03300328161428,543,-0.06397010715023428,0.14177295286722547,93.40698561082165,110.48162948566166
2022,00-0030565,G.Smith,650,17,27.01388867141844,0.04155982872525914,0.49230769230769234,46,33,14,0,20210,0.015473245525922667,0.02608658319933647,16.956279079568706,-2.6403624559533387,-0.004062096086082059,0.03749773263917708,14.315916623615367,101.82781511052139,650,-0.07107766944908309,0.1559751165833661,92.81712807171057,111.66026893860212
2022,00-0036355,J.Herbert,757,17,19.45949943724036,0.02570607587482214,0.4583883751651255,38,22,10,0,20210,0.015473245525922667,0.010232830348899474,7.746252574116902,-5.293347231822922,-0.006992532670836093,0.018713543203986046,2.4529053422939793,100.26891273463468,757,-0.07668622908135043,0.12606072096827314,92.3516729629762,109.17766927368295
2022,00-0033869,M.Trubisky,194,7,0.7752850438884091,0.003996314659218604,0.4381443298969072,11,4,2,0,20210,0.015473245525922667,-0.011476930866704062,-2.226524588140588,1.9595139006023858,0.010100587116507144,0.014096901775725748,-0.26701068753820234,99.88577704938393,194,-0.181677927071213,0.26889996175647773,83.63839800323015,121.03191683665855
2022,00-0035264,J.Stidham,101,3,0.37632403524617786,0.00372598054699186,0.504950495049505,7,11,5,0,20210,0.015473245525922667,-0.011747264978930807,-1.1864737628720115,1.0159518639457525,0.01005892934599755,0.01378490989298941,-0.1705218989262589,99.85988480160113,101,-0.1492529300847214,0.2706899492284672,86.32935280938557,121.18046813468071
2022,00-0027973,A.Dalton,414,14,6.6497028440938335,0.01606208416447786,0.49033816425120774,25,11,3,0,20210,0.015473245525922667,0.0005888386385551926,0.24377919636184942,-1.8618822853574952,-0.004497300206177525,0.011564783958300334,-1.6181030889956458,99.6756362554344,414,-0.08904811419286691,0.11409853793602608,91.32575847583423,108.18492611518255
2022,00-0032436,J.Driskel,24,6,0.0689747838769108,0.002873949328204617,0.4166666666666667,2,2,0,0,20210,0.015473245525922667,-0.01259929619771805,-0.3023831087452332,0.08320748739142822,0.0034669786413095093,0.006340927969514127,-0.219175621353805,99.24210775316362,,,,,
2022,00-0032268,M.Mariota,351,13,-1.323283240314744,-0.0037700377216944277,0.4672364672364672,28,27,10,0,20210,0.015473245525922667,-0.019243283247617093,-6.7543924199136,0.8575385891982555,0.0024431298837557136,-0.001326907837938714,-5.896853830715345,98.6057530411656,351,-0.11242274174085615,0.13591459178442833,89.38589503132694,109.99544332137259
2022,00-0031237,T.Bridgewater,89,5,-1.5558049189029397,-0.01748095414497685,0.48314606741573035,7,3,3,0,20210,0.015473245525922667,-0.03295419967089952,-2.9329237707100573,1.1958319315188786,0.01343631383729077,-0.00404464030768608,-1.7370918391911787,98.38020806256905,,,,,
2022,00-0038102,K.Pickett,443,13,-2.9738923607498995,-0.0067130753064331816,0.44243792325056436,27,28,6,0,20210,0.015473245525922667,-0.022186320832355846,-9.828540128733641,0.08317319243001753,0.00018774987004518628,-0.006525325436387995,-9.745366936303624,98.17433567428726,443,-0.09439548470545298,0.09429423773236228,90.88197948682979,106.54136461114307
2022,00-0023459,A.Rodgers,585,17,-4.8356326597282075,-0.008266038734578133,0.4495726495726496,32,13,8,0,20210,0.015473245525922667,-0.0237392842605008,-13.887481292392966,-2.3755306654931063,-0.004060736180330096,-0.012326774914908228,-16.26301195788607,97.69287261159536,585,-0.09697411837887009,0.07677535994214908,90.6679783358139,105.08747061671454
2022,00-0035228,K.Murray,437,11,-2.248339622101331,-0.005144941927005334,0.4302059496567506,25,25,4,0,20210,0.015473245525922667,-0.020618187452928,-9.010147916929537,-3.3550840941344187,-0.00767753797284764,-0.012822479899852975,-12.365232011063956,97.65173398906201,437,-0.10449615234006704,0.09697766798656803,90.04372373840008,106.76406284431626
2022,00-0027948,B.Gabbert,8,1,0.2152441979269497,0.026905524740868714,0.375,0,0,0,0,20210,0.015473245525922667,0.011432279214946047,0.09145823371956838,-0.3663655495254799,-0.04579569369068499,-0.018890168949816273,-0.27490731580591155,97.14817566897774,,,,,
2022,00-0036893,N.Harris,1,1,-0.06479255756130442,-0.06479255756130442,0.0,0,0,0,0,20210,0.015473245525922667,-0.08026580308722708,-0.08026580308722708,0.025660912694054915,0.025660912694054915,-0.0391316448672495,-0.054604890393172165,95.46833289439282,,,,,
2022,00-0031800,T.Heinicke,289,9,-11.74271160420282,-0.04063222008374678,0.43944636678200694,19,13,3,0,20210,0.015473245525922667,-0.05610546560966945,-16.21447956119447,-0.9380842032511383,-0.0032459661012150115,-0.04387818618496179,-17.152563764445606,95.07441680006491,289,-0.16324875184185164,0.05938566339314475,85.1678377030269,103.64429739065002
2022,00-0034401,M.White,185,4,-7.463803041489403,-0.04034488130534813,0.42702702702702705,9,1,0,0,20210,0.015473245525922667,-0.0558181268312708,-10.326353463785097,-3.148820957639101,-0.017020653825076223,-0.05736553513042435,-13.475174421424198,93.95509991987498,185,-0.29458736242039685,0.27311542826927276,74.268028968508,121.38175896239626
2022,00-0038122,D.Ridder,135,4,-9.047200866211346,-0.06701630271267664,0.4,9,11,2,0,20210,0.015473245525922667,-0.0824895482385993,-11.136089012210906,1.1908696817379933,0.008821256901762914,-0.058195045810913726,-9.945219330472913,93.88625871833685,135,-0.23526504902442583,0.0964347266810746,79.19119563562134,106.7190040732673
2022,00-0036972,M.Jones,494,14,-32.57808824816442,-0.06594754706106158,0.39878542510121456,34,20,5,0,20210,0.015473245525922667,-0.08142079258698424,-40.221871537970216,0.8364624310121079,0.0016932437874739028,-0.06425430327358768,-39.38540910695811,93.3834001368015,494,-0.15142446302746398,0.011096135814514768,86.14913700207393,99.63674308374216
2022,00-0036945,J.Fields,439,15,-30.20285127782419,-0.06879920564424645,0.41002277904328016,55,66,7,0,20210,0.015473245525922667,-0.08427245117016911,-36.995606063704244,1.4335474340049315,0.0032654839043392515,-0.0655337217399072,-35.562058629699315,93.2772210283667,439,-0.20706360535596893,0.05901552940406533,81.53163719099823,103.61357992174015
2022,00-0026498,M.Stafford,337,9,-27.85441916713951,-0.082654062810503,0.4688427299703264,29,5,6,0,20210,0.015473245525922667,-0.09812730833642566,-33.06890290937545,2.83669852025104,0.008417503027451157,-0.07423655978305184,-30.232204389124412,92.55497134337371,337,-0.197843793614799,0.0876926233342783,82.29679059184774,105.99349575550957
2022,00-0029263,R.Wilson,565,15,-41.626520419344146,-0.07367525737937017,0.3787610619469027,55,28,2,0,20210,0.015473245525922667,-0.08914850290529283,-50.368904141490454,-2.458044635852831,-0.004350521479385541,-0.07802577885875571,-52.82694877734328,92.24050354904858,565,-0.17062549086829992,0.022553243688708983,84.55564115154395,100.58756998779856
2022,00-0026143,M.Ryan,508,12,-39.7217517862795,-0.07819242477614075,0.4389763779527559,38,10,3,0,20210,0.015473245525922667,-0.09366567030206341,-47.582160513448216,-1.8664155941858112,-0.0036740464452476597,-0.0818664712213884,-49.448576107634025,91.92176397980523,508,-0.22910834863319168,0.05914757952297507,79.70214101873896,103.62453877864557
2022,00-0033949,J.Dobbs,77,2,-7.410493965382878,-0.0962401813686088,0.4155844155844156,6,3,1,0,20210,0.015473245525922667,-0.11171342689453147,-8.601933870878923,0.8932088742467954,0.011600115249958382,-0.08464006611865042,-7.708724996632128,91.69158297093037,,,,,
2022,00-0033662,C.Rush,170,8,-15.92744672957529,-0.09369086311514876,0.38823529411764707,7,2,1,0,20210,0.015473245525922667,-0.10916410864107143,-18.557898468982145,1.4413071282207912,0.008478277224828183,-0.08521258589032057,-17.116591340761353,91.64406947904519,170,-0.2675484648597664,0.04805675638594899,76.51199066800284,102.70410989357171
2022,00-0033537,D.Watson,200,6,-20.533105462922798,-0.102665527314614,0.42,20,12,1,0,20210,0.015473245525922667,-0.11813877284053666,-23.62775456810733,2.3662381492939746,0.011831190746469872,-0.09083433656814412,-21.261516418813358,91.17751964368824,200,-0.28587012526403766,0.07499598052924077,74.99147363781897,104.93979968292433
2022,00-0037013,Z.Wilson,278,9,-28.859558128400195,-0.10381136017410142,0.38489208633093525,23,13,2,0,20210,0.015473245525922667,-0.11928460570002408,-33.1611203846067,2.5692658919358418,0.009241963640056985,-0.09456939653404443,-30.591854492670855,90.8675465210784,278,-0.2150980998199021,0.0010786177570894261,80.86485342840429,98.80538792976613
2022,00-0032950,C.Wentz,314,8,-32.429697400324976,-0.1032792910838375,0.3980891719745223,26,12,4,0,20210,0.015473245525922667,-0.11875253660976016,-37.28829649546469,0.4138504905865188,0.0013179951929506968,-0.1019612958908868,-36.87444600487817,90.25409181176265,314,-0.2650158656420833,0.06756226904256644,76.7221714134237,104.32287497940092
2022,00-0035993,T.Huntley,132,5,-13.008030238724576,-0.09854568362670134,0.4166666666666667,7,15,2,0,20210,0.015473245525922667,-0.114018929152624,-15.050498648146368,-1.1268876570766089,-0.008537027705125825,-0.10708271133182716,-16.177386305222978,89.82906486416236,132,-0.3217985726990161,0.07188102322387645,72.00976701366307,104.68128896246594
2022,00-0035040,D.Blough,65,2,-5.4635533400723,-0.08405466677034308,0.36923076923076925,5,2,1,0,20210,0.015473245525922667,-0.09952791229626574,-6.469314299257274,-1.552159298251211,-0.0238793738192494,-0.10793404058959248,-8.021473597508486,89.75841293599846,,,,,
2022,00-0037077,S.Howell,25,1,-3.5828141591250597,-0.1433125663650024,0.4,3,3,0,0,20210,0.015473245525922667,-0.15878581189092505,-3.9696452972731264,0.8464683825754846,0.03385873530301939,-0.109453831061983,-3.123176914697642,89.6322853228569,,,,,
2022,00-0031503,J.Winston,127,3,-14.801646520684567,-0.11654839780066588,0.4566929133858268,11,3,2,0,20210,0.015473245525922667,-0.13202164332658856,-16.766748702476747,-1.9356096694444869,-0.015241021019247928,-0.1317894188199138,-18.702358371921235,87.77865192851766,127,-0.4565695903679447,0.16227335206947818,60.82510235886769,112.18296033804042
2022,00-0036898,D.Mills,526,15,-70.32367440536191,-0.13369519848928121,0.3745247148288973,31,17,4,0,20210,0.015473245525922667,-0.14916844401520388,-78.46260155199724,-2.1392882722289874,-0.004067087970017086,-0.1377622864592983,-80.60188982422622,87.28296284989021,526,-0.25086214115145783,-0.02546137658864208,77.89679088860561,96.60283027433329
2022,00-0034855,B.Mayfield,385,12,-53.57472661446462,-0.1391551340635445,0.36103896103896105,36,15,11,0,20210,0.015473245525922667,-0.15462837958946715,-59.53192614194485,0.3658020024415241,0.000950135071276686,-0.1382049989922678,-59.166124139503324,87.24622207798403,385,-0.28203095404728795,0.04510816852227279,75.31008696696345,102.45940619517394
2022,00-0026158,J.Flacco,202,5,-28.72121762627415,-0.1421842456746245,0.39603960396039606,10,1,3,0,20210,0.015473245525922667,-0.15765749120054717,-31.84681322251053,0.07283615162706492,0.0003605750080547768,-0.14182367066656973,-31.773977070883465,86.94590803515102,202,-0.4314208627980125,0.12343378397879168,62.91219859980783,108.95965942405189
2022,00-0032434,B.Allen,4,1,-0.6882539251500881,-0.17206348128752202,0.25,1,0,0,0,20210,0.015473245525922667,-0.1875367268134447,-0.7501469072537787,-0.04557271728768688,-0.01139317932192172,-0.18345666060944374,-0.7957196245414656,83.49078067066523,,,,,
2022,00-0037500,R.Wright,2,2,-0.40921337925828993,-0.20460668962914497,0.5,0,0,0,0,20210,0.015473245525922667,-0.22007993515506763,-0.44015987031013526,0.04030265281581063,0.020151326407905314,-0.18445536322123965,-0.3998572174943246,83.4078982082782,,,,,
2022,00-0033275,P.Walker,115,6,-20.176254064469113,-0.17544568751712272,0.34782608695652173,7,2,3,0,20210,0.015473245525922667,-0.19091893304304539,-21.95567729995022,-2.3203933237210785,-0.02017733324974851,-0.19562302076687124,-24.2760706236713,82.48109282543007,115,-0.6220836577171348,0.0544172803007176,47.08906792823427,103.23197061797651
2022,00-0033958,N.Peterman,27,3,-5.271773491404019,-0.1952508700520007,0.3333333333333333,1,2,0,0,20210,0.015473245525922667,-0.21072411557792337,-5.689551120603931,-0.3321372909942295,-0.012301381147934427,-0.20755225119993512,-6.021688411598161,81.49108440751219,,,,,
2022,00-0035752,C.Streveler,19,1,-3.6984479137463495,-0.19465515335507103,0.47368421052631576,0,4,0,0,20210,0.015473245525922667,-0.2101283988809937,-3.99243957873888,-0.39661079604548644,-0.020874252423446656,-0.21552940577851767,-4.389050374784366,80.8290592896186,,,,,
2022,00-0027688,C.McCoy,153,4,-36.05589199342327,-0.23565942479361618,0.38562091503267976,13,8,4,0,20210,0.015473245525922667,-0.25113267031953884,-38.42329855888944,2.094364101445497,0.013688654257813706,-0.22197077053580247,-36.32893445744394,80.29448957295719,153,-0.4739888470298178,0.03800671237522422,59.37947593511042,101.8700554064117
2022,00-0036913,K.Toney,1,1,-0.19144978845724836,-0.19144978845724836,0.0,0,1,0,1,20210,0.015473245525922667,-0.20692303398317102,-0.20692303398317102,-0.03258514990457966,-0.03258514990457966,-0.22403493836182803,-0.2395081838877507,80.12318401094068,,,,,
2022,00-0032156,T.Siemian,29,2,-7.303775634104905,-0.25185433221051395,0.3448275862068966,2,1,0,0,20210,0.015473245525922667,-0.2673275777364366,-7.752499754356663,0.4579122475426143,0.01579007750146946,-0.2360642547090445,-7.294587506814048,79.12486944971522,,,,,
2022,00-0037327,S.Thompson,116,7,-32.984381763928646,-0.2843481186545573,0.33620689655172414,6,5,4,0,20210,0.015473245525922667,-0.29982136418047994,-34.779278244935675,1.9722279763824218,0.01700196531364157,-0.2673461533409157,-32.807050268553255,76.52878052782052,116,-0.4744057978471772,-0.09896033476104098,59.344873131404036,90.50314197447534
2022,00-0036879,S.Ehlinger,126,4,-35.21958729938244,-0.27952053412208283,0.36507936507936506,14,11,2,0,20210,0.015473245525922667,-0.2949937796480055,-37.1692162356487,0.7309307410144277,0.005801037627098633,-0.27371949649498417,-36.43828549463427,75.99985593304373,126,-0.5247558488190979,0.015827799041853628,55.16631571443634,100.02942444337408
2022,00-0034955,B.Rypien,97,4,-29.60041535102951,-0.3051589211446341,0.38144329896907214,8,1,1,0,20210,0.015473245525922667,-0.3206321666705568,-31.10132016704401,1.6445993184923018,0.016954632149405173,-0.28820428899522893,-29.456720848551708,74.79776107977557,,,,,
2022,00-0035939,B.Perkins,46,4,-13.839382587624906,-0.3008561432092371,0.32608695652173914,6,7,0,0,20210,0.015473245525922667,-0.31632938873515976,-14.551151881817349,0.49240873891024206,0.010704537802396566,-0.29015160540684054,-14.058743142907106,74.63615303215988,,,,,
2022,00-0037012,T.Lance,37,2,-9.460162043272176,-0.2556800552235723,0.35135135135135137,2,4,0,0,20210,0.015473245525922667,-0.27115330074949495,-10.032672127731313,-1.6991289014002597,-0.04592240274054756,-0.30160245796411983,-11.731801029131573,73.685845257685,,,,,
2022,00-0026625,B.Hoyer,7,1,-2.126523873504231,-0.3037891247863187,0.42857142857142855,1,0,0,0,20210,0.015473245525922667,-0.31926237031224136,-2.2348365921856894,0.012089033840460452,0.0017270048343514931,-0.3020621199519672,-2.2227475583452287,73.6476978482675,,,,,
2022,00-0034899,J.Wolford,73,2,-21.845045341635142,-0.29924719646075537,0.4246575342465753,7,4,1,0,20210,0.015473245525922667,-0.31472044198667803,-22.974592265027496,-1.164955070453279,-0.015958288636346286,-0.31520548509710167,-24.139547335480774,72.55692822935004,,,,,
2022,00-0034775,C.Kirk,1,1,-0.32680640323087573,-0.32680640323087573,0.0,0,0,0,0,20210,0.015473245525922667,-0.3422796487567984,-0.3422796487567984,-0.003733416616138313,-0.003733416616138313,-0.330539819847014,-0.3460130653729367,71.28432975195733,,,,,
2022,00-0034279,E.St. Brown,1,1,-0.37550953472964466,-0.37550953472964466,0.0,0,1,0,1,20210,0.015473245525922667,-0.3909827802555673,-0.3909827802555673,-0.004306726186840096,-0.004306726186840096,-0.37981626091648474,-0.3952895064424074,67.1948713633762,,,,,
2022,00-0035146,T.McSorley,90,5,-35.38129921214312,-0.39312554680159023,0.3,3,5,2,0,20210,0.015473245525922667,-0.4085987923275129,-36.773891309476156,0.13969713343552648,0.0015521903715058497,-0.3915733564300844,-36.63419417604063,66.21914844528527,,,,,
2022,00-0037175,A.Brown,52,2,-20.83946609003786,-0.40075896326995886,0.2692307692307692,5,0,1,0,20210,0.015473245525922667,-0.4162322087958815,-21.64407485738584,0.014335085209509657,0.0002756747155674934,-0.40048328855439136,-21.62973977217633,65.4797119949932,,,,,
2022,00-0026300,J.Johnson,2,1,-0.8358491185936145,-0.4179245592968073,0.5,0,0,0,0,20210,0.015473245525922667,-0.43339780482272994,-0.8667956096454599,-0.001801224294190536,-0.000900612147095268,-0.4188251714439025,-0.8685968339396504,63.95751669807359,,,,,
2022,00-0033908,C.Kupp,1,1,-0.46752027643378824,-0.46752027643378824,0.0,0,0,0,0,20210,0.015473245525922667,-0.4829935219597109,-0.4829935219597109,0.022318820684077773,0.022318820684077773,-0.4452014557497105,-0.46067470127563315,61.76854536059575,,,,,
2022,00-0038128,M.Willis,79,6,-36.31636757361865,-0.4597008553622614,0.3037974683544304,10,8,1,0,20210,0.015473245525922667,-0.47517410088818407,-37.53875397016654,-0.5190349118587374,-0.0065700621754270555,-0.46627091753768846,-38.05778888202528,60.01998792865251,,,,,
2022,00-0036226,J.Eason,5,1,-2.261281799641438,-0.45225635992828755,0.6,0,0,0,0,20210,0.015473245525922667,-0.4677296054542102,-2.3386480272710513,-0.13203929824023025,-0.02640785964804605,-0.4786642195763336,-2.4706873255112813,58.99146614655577,,,,,
2022,00-0034577,K.Allen,85,2,-39.86443700568695,-0.46899337653749357,0.32941176470588235,5,2,2,0,20210,0.015473245525922667,-0.48446662206341623,-41.17966287539038,-0.9445567109564947,-0.01111243189360582,-0.4801058084310994,-42.124219586346875,58.87182849604656,,,,,
2022,00-0030288,R.Burkhead,1,1,-0.45197261590510607,-0.45197261590510607,0.0,0,0,0,0,20210,0.015473245525922667,-0.46744586143102873,-0.46744586143102873,-0.03258514990457966,-0.03258514990457966,-0.48455776580968574,-0.5000310113356083,58.50235996194934,,,,,
2022,00-0037740,G.Wilson,1,1,-0.4925385075621307,-0.4925385075621307,0.0,0,0,0,0,20210,0.015473245525922667,-0.5080117530880534,-0.5080117530880534,-0.012813920558890007,-0.012813920558890007,-0.5053524281210207,-0.5208256736469433,56.77660817506783,,,,,
2022,00-0032208,P.Dorsett,1,1,-0.536111096618697,-0.536111096618697,0.0,0,0,0,0,20210,0.015473245525922667,-0.5515843421446197,-0.5515843421446197,0.012870966161486974,0.012870966161486974,-0.5232401304572101,-0.5387133759831327,55.29210538258647,,,,,
2022,00-0034177,T.Boyle,8,1,-4.509478976833634,-0.5636848721042043,0.25,0,0,0,0,20210,0.015473245525922667,-0.5791581176301269,-4.633264941041015,-0.12228338312666873,-0.01528542289083359,-0.5789702949950378,-4.755548324167684,50.667051626270734,,,,,
2022,00-0036928,K.Trask,9,1,-5.332559636328369,-0.5925066262587078,0.2222222222222222,0,0,0,0,20210,0.015473245525922667,-0.6079798717846304,-5.471818846061673,-0.4121612432161649,-0.04579569369068499,-0.6383023199493928,-5.883980089277838,45.74307899563737,,,,,
2022,00-0029567,N.Foles,51,2,-34.19210139477516,-0.6704333606818659,0.3137254901960784,8,1,2,0,20210,0.015473245525922667,-0.6859066062077885,-34.98123691659721,-0.13416035772571533,-0.00263059524952383,-0.6730639559313897,-35.11539727432293,42.8582062089244,,,,,
2022,00-0036145,L.Cager,1,1,-0.8402121948311105,-0.8402121948311105,0.0,1,0,0,0,20210,0.015473245525922667,-0.8556854403570332,-0.8556854403570332,0.030871861351064442,0.030871861351064442,-0.8093403334800461,-0.8248135790059687,31.54861153778903,,,,,
2022,00-0028986,C.Keenum,7,2,-5.786273917416111,-0.8266105596308729,0.0,0,0,0,0,20210,0.015473245525922667,-0.8420838051567956,-5.89458663609757,-0.11303161328313616,-0.01614737332616231,-0.8427579329570353,-6.007618249380705,28.77528051912327,,,,,
2022,00-0026197,C.Henne,2,1,-1.8915138673619367,-0.9457569336809684,0.0,0,0,0,0,20210,0.015473245525922667,-0.961230179206891,-1.922460358413782,0.0605420790121068,0.0302710395060534,-0.915485894174915,-1.8619182794016753,22.739577358914175,,,,,
2022,00-0032792,N.Sudfeld,1,1,-0.8987278068009172,-0.8987278068009172,0.0,1,0,0,0,20210,0.015473245525922667,-0.9142010523268399,-0.9142010523268399,-0.04475785555868437,-0.04475785555868437,-0.9434856623596016,-0.9589589078855243,20.41587287871917,,,,,
2022,00-0033936,C.Beathard,12,2,-11.601140725440802,-0.9667617271200668,0.25,1,0,0,0,20210,0.015473245525922667,-0.9822349726459895,-11.786819671751873,-0.22561698720424306,-0.018801415600353588,-0.9855631427204203,-12.012436658956116,16.923857195417,,,,,
2022,00-0034418,C.Wilson,1,1,-1.2526237178826705,-1.2526237178826705,0.0,1,0,0,0,20210,0.015473245525922667,-1.2680969634085932,-1.2680969634085932,0.014388757456738493,0.014388757456738493,-1.238234960425932,-1.2537082059518547,-4.0454105123928485,,,,,
2022,00-0036900,J.Chase,1,1,-1.6040139043470845,-1.6040139043470845,0.0,1,0,0,0,20210,0.015473245525922667,-1.6194871498730072,-1.6194871498730072,0.0009007338608808367,0.0009007338608808367,-1.6031131704862036,-1.6185864160121264,-34.326701623449054,,,,,
2022,00-0031381,D.Adams,1,1,-1.8045640784548596,-1.8045640784548596,0.0,1,0,0,0,20210,0.015473245525922667,-1.8200373239807823,-1.8200373239807823,0.013100335018502742,0.013100335018502742,-1.7914637434363567,-1.8069369889622795,-49.95794068674002,,,,,
2022,00-0035889,T.Townsend,1,1,-3.5175859160954133,-3.5175859160954133,0.0,0,0,0,0,20210,0.015473245525922667,-3.533059161621336,-3.533059161621336,0.009861461941109281,0.009861461941109281,-3.507724454154304,-3.523197699680227,-192.39064499959466,,,,,
2022,00-0035042,J.Gillan,1,1,-3.9164693378843367,-3.9164693378843367,0.0,1,0,0,0,20210,0.015473245525922667,-3.9319425834102595,-3.9319425834102595,0.030871861351064442,0.030871861351064442,-3.885597476533272,-3.901070722059195,-223.75037731077344,,,,,
2022,00-0036133,J.Proche,1,1,-4.042891675024293,-4.042891675024293,0.0,0,0,0,0,20210,0.015473245525922667,-4.058364920550216,-4.058364920550216,0.021006418444105918,0.021006418444105918,-4.0218852565801875,-4.03735850210611,-235.06091827675363,,,,,
2022,00-0033856,L.Fournette,1,1,-4.726016435190104,-4.726016435190104,0.0,0,0,1,0,20210,0.015473245525922667,-4.741489680716026,-4.741489680716026,-0.005792361212693382,-0.005792361212693382,-4.731808796402797,-4.747282041928719,-293.97756712900747,,,,,
2022,00-0036425,D.Dallas,1,1,-4.867112466075923,-4.867112466075923,0.0,0,0,0,0,20210,0.015473245525922667,-4.882585711601846,-4.882585711601846,0.0302710395060534,0.0302710395060534,-4.83684142656987,-4.852314672095792,-302.69423905557625,,,,,
2022,00-0031544,A.Cooper,1,1,-4.980502444552258,-4.980502444552258,0.0,0,0,0,0,20210,0.015473245525922667,-4.99597569007818,-4.99597569007818,0.006292316476212426,0.006292316476212426,-4.974210128076045,-4.9896833736019675,-314.0944858370137,,,,,
2022,00-0033893,D.Cook,1,1,-6.88789240695769,-6.88789240695769,0.0,1,0,0,0,20210,0.015473245525922667,-6.903365652483612,-6.903365652483612,-0.024561301100359083,-0.024561301100359083,-6.912453708058049,-6.927926953583971,-474.9495779508336,,,,,
